{
  "8K_5_v2": {
    "GIN": {
      "mean_f1": 0.7472589146692176,
      "test_f1": [
        0.7005076142131978,
        0.7835051546391752,
        0.7577639751552795
      ],
      "test_auc": [
        0.7901913804833318,
        0.8351948096979132,
        0.8297961135911769
      ],
      "test_precision": [
        0.8734177215189873,
        0.9382716049382716,
        0.8840579710144928
      ],
      "test_recall": [
        0.5847457627118644,
        0.672566371681416,
        0.6630434782608695
      ],
      "epoch": [
        3200,
        2850,
        1990
      ],
      "lr": 0.01,
      "w": 0.44,
      "K": 2,
      "F": 8,
      "K1": null,
      "K2": null,
      "F1": null,
      "F2": null
    },
    "GINSAGE": {
      "mean_f1": 0.8209408793117058,
      "test_f1": [
        0.7766990291262135,
        0.8446601941747574,
        0.8414634146341463
      ],
      "test_auc": [
        0.8372378501493773,
        0.8836497008410354,
        0.8743528904227783
      ],
      "test_precision": [
        0.9090909090909091,
        0.9354838709677419,
        0.9583333333333334
      ],
      "test_recall": [
        0.6779661016949152,
        0.7699115044247787,
        0.75
      ],
      "epoch": [
        450,
        540,
        1570
      ],
      "lr": 0.01,
      "w": 0.44,
      "K": null,
      "F": null,
      "K1": 3,
      "K2": 5,
      "F1": 8,
      "F2": 64
    }
  }
}