{
  "64K_5_v2": {
    "GIN": {
      "mean_f1": 0.7566366846843714,
      "test_f1": [
        0.7578313253012048,
        0.7548346849656893,
        0.7572440437862201
      ],
      "test_auc": [
        0.817142143052298,
        0.8186576535393411,
        0.8164300737369115
      ],
      "test_precision": [
        0.9360119047619048,
        0.9194528875379939,
        0.937799043062201
      ],
      "test_recall": [
        0.6366396761133604,
        0.6402116402116402,
        0.6349892008639308
      ],
      "epoch": [
        1850,
        4290,
        4770
      ],
      "lr": 0.005,
      "w": 0.44,
      "K": 5,
      "F": 16,
      "K1": null,
      "K2": null,
      "F1": null,
      "F2": null
    }
  }
}