{
    "32k-5":{
        "MPNN":{"time": 38.23763036727905, "learning rate": 0.005, "num layers": 6, "layer size": 32, "bce weight": 0.13, "best test acc": 0.972888555722139, "model type": "MPNN", "precision": 0.6918918918918919, "recall": 0.8111533586818758, "f1": 0.7467911318553093, "auc": 0.896213383460788},
        "SAGE":{"time": 32.647661447525024, "learning rate": 0.005, "num layers": 5, "layer size": 64, "bce weight": 0.13, "best test acc": 0.9756996501749126, "model type": "SAGE", "precision": 0.72271714922049, "recall": 0.8225602027883396, "f1": 0.7694131594546533, "auc": 0.9030995376251969},
        "GCN":{"time": 23.705617666244507, "learning rate": 0.005, "num layers": 6, "layer size": 16, "bce weight": 0.13, "best test acc": 0.9747626186906547, "model type": "GCN", "precision": 0.7662517289073306, "recall": 0.7021546261089987, "f1": 0.7328042328042328, "auc": 0.8455250428659192},
        "GAT":{"time": 20.572772979736328, "learning rate": 0.005, "num layers": 2, "layer size": 32, "bce weight": 0.2, "best test acc": 0.982383808095952, "model type": "GAT", "precision": 0.8585572842998586, "recall": 0.7693282636248415, "f1": 0.8114973262032085, "auc": 0.8813787648369296},
        "GIN":{"time": 11.834555387496948, "learning rate": 0.005, "num layers": 2, "layer size": 16, "bce weight": 0.13, "best test acc": 0.9780734632683659, "model type": "GIN", "precision": 0.8211143695014663, "recall": 0.7097591888466414, "f1": 0.7613868116927262, "auc": 0.8508714467132215},
        "RF":{"precision":0.98, "recall":0.8 ,"f1":0.88, "auc":0.9},
        "XG":{"precision":0.96, "recall":0.86 , "f1": 0.91, "auc": 0.93}
    },
    "64k-5":{
        "MPNN":{"time": 81.78003907203674, "learning rate": 0.005, "num layers": 4, "layer size": 64, "bce weight": 0.13, "best test acc": 0.9809814803267444, "model type": "MPNN", "precision": 0.8104615384615385, "recall": 0.8134651019147622, "f1": 0.811960542540074, "auc": 0.9016759100117236},
        "SAGE":{"time": 43.022836685180664, "learning rate": 0.005, "num layers": 6, "layer size": 32, "bce weight": 0.13, "best test acc": 0.9807320571179148, "model type": "SAGE", "precision": 0.7911576497963932, "recall": 0.840024706609018, "f1": 0.8148591971240263, "auc": 0.9141184114230446},
        "GCN":{"time": 29.622584342956543, "learning rate": 0.005, "num layers": 4, "layer size": 8, "bce weight": 0.13, "best test acc": 0.971222797281287, "model type": "GCN", "precision": 0.6849096705632306, "recall": 0.7961704756022236, "f1": 0.7363610397029421, "auc": 0.8883495622141803},
        "GAT":{"time": 28.37870192527771, "learning rate": 0.005, "num layers": 2, "layer size": 32, "bce weight": 0.14, "best test acc": 0.9806073455135, "model type": "GAT", "precision": 0.837052062204192, "recall": 0.7646695491043854, "f1": 0.7992253066494512, "auc": 0.8783781171888698},
        "GIN":{"time": 21.013665199279785, "learning rate": 0.005, "num layers": 2, "layer size": 16, "bce weight": 0.13, "best test acc": 0.9863440793165804, "model type": "GIN", "precision": 0.9690230341540905, "recall": 0.7535515750463249, "f1": 0.8478109798471162, "auc": 0.8761354985722513},
        "RF":{"precision":0.99, "recall": 0.84, "f1": 0.91, "auc": 0.92},
        "XG":{"precision":0.99, "recall": 0.85, "f1": 0.92, "auc": 0.93}
    },
    "128k-5":{
        "MPNN":{"time": 60.245941162109375, "learning rate": 0.005, "num layers": 6, "layer size": 16, "bce weight": 0.13, "best test acc": 0.9808507984031936, "model type": "MPNN", "precision": 0.7812032325651003, "recall": 0.8400386224654007, "f1": 0.8095533498759305, "auc": 0.9140295699960771},
        "SAGE":{"time": 98.37964606285095, "learning rate": 0.005, "num layers": 5, "layer size": 64, "bce weight": 0.13, "best test acc": 0.9869167914171657, "model type": "SAGE", "precision": 0.9858611825192802, "recall": 0.7405857740585774, "f1": 0.8458004043374381, "auc": 0.8700224883140923},
        "GCN":{"time": 32.894065618515015, "learning rate": 0.005, "num layers": 3, "layer size": 16, "bce weight": 0.13, "best test acc": 0.9748939620758483, "model type": "GCN", "precision": 0.738755980861244, "recall": 0.7454135822336659, "f1": 0.7420698494072414, "auc": 0.8659959866396856},
        "GAT":{"time": 55.82172632217407, "learning rate": 0.005, "num layers": 2, "layer size": 32, "bce weight": 0.2, "best test acc": 0.9818020209580839, "model type": "GAT", "precision": 0.8283683141503047, "recall": 0.7875764402961055, "f1": 0.8074575152615081, "auc": 0.8896339126145806},
        "GIN":{"time": 40.76995921134949, "learning rate": 0.005, "num layers": 2, "layer size": 32, "bce weight": 0.13, "best test acc": 0.984936377245509, "model type": "GIN", "precision": 0.9592449592449592, "recall": 0.7196652719665272, "f1": 0.8223611621919823, "auc": 0.8590542154395164},
        "RF":{"precision": 1.0, "recall": 0.69,"f1": 0.82, "auc":0.85},
        "XG":{"precision":0.99, "recall": 0.7, "f1": 0.82, "auc": 0.85}
    },
    "256k-5":{
        "MPNN":{"time": 316.00812911987305, "learning rate": 0.005, "num layers": 6, "layer size": 64, "bce weight": 0.13, "best test acc": 0.991937999001996, "model type": "MPNN", "precision": 0.915713134568896, "recall": 0.9174874858711448, "f1": 0.9165994515244394, "auc": 0.9566014066010566},
        "SAGE":{"time": 51.37615251541138, "learning rate": 0.005, "num layers": 4, "layer size": 16, "bce weight": 0.13, "best test acc": 0.9929593937125748, "model type": "SAGE", "precision": 0.9350328947368421, "recall": 0.9179719037623123, "f1": 0.9264238572476167, "auc": 0.9573679349554702},
        "GCN":{"time": 212.6941204071045, "learning rate": 0.005, "num layers": 4, "layer size": 64, "bce weight": 0.13, "best test acc": 0.9827298527944112, "model type": "GCN", "precision": 0.8088509316770186, "recall": 0.8411109316970773, "f1": 0.8246655584580067, "auc": 0.9155129877839326},
        "GAT":{"time": 110.87564373016357, "learning rate": 0.005, "num layers": 2, "layer size": 16, "bce weight": 0.18, "best test acc": 0.9848350174650699, "model type": "GAT", "precision": 0.8362887903736542, "recall": 0.8528984337154852, "f1": 0.8445119513949956, "auc": 0.9222136991332889},
        "GIN":{"time": 61.108160734176636, "learning rate": 0.005, "num layers": 3, "layer size": 8, "bce weight": 0.13, "best test acc": 0.9877744510978044, "model type": "GIN", "precision": 0.9461701717152229, "recall": 0.7918617794283869, "f1": 0.8621659634317862, "auc": 0.8947880372527},
        "RF":{"precision":0.99, "recall": 0.94,"f1":0.97, "auc":0.97},
        "XG":{"precision":0.99, "recall": 0.96, "f1": 0.97, "auc": 0.98}
    },
    "64k-2":{
        "MPNN":{"time": 88.2769193649292, "learning rate": 0.005, "num layers": 2, "layer size": 64, "bce weight": 0.14, "best test acc": 0.9911142981854462, "model type": "MPNN", "precision": 0.9204545454545454, "recall": 0.7061021170610212, "f1": 0.7991543340380549, "auc": 0.8522675850247066},
        "SAGE":{"time": 65.4680528640747, "learning rate": 0.005, "num layers": 3, "layer size": 64, "bce weight": 0.14, "best test acc": 0.9932032175593939, "model type": "SAGE", "precision": 0.968, "recall": 0.7534246575342466, "f1": 0.8473389355742297, "auc": 0.8763925436627135},
        "GCN":{"time": 46.855088233947754, "learning rate": 0.005, "num layers": 2, "layer size": 32, "bce weight": 0.14, "best test acc": 0.9867493920309285, "model type": "GCN", "precision": 0.815, "recall": 0.6089663760896638, "f1": 0.6970776906628653, "auc": 0.8027083807153573},
        "GAT":{"time": 26.45823860168457, "learning rate": 0.005, "num layers": 2, "layer size": 16, "bce weight": 0.18, "best test acc": 0.9908648749766166, "model type": "GAT", "precision": 0.8984375, "recall": 0.7160647571606475, "f1": 0.796950796950797, "auc": 0.8569930769909918},
        "GIN":{"time": 15.250787734985352, "learning rate": 0.005, "num layers": 4, "layer size": 16, "bce weight": 0.15, "best test acc": 0.9925173037351126, "model type": "GIN", "precision": 0.9324116743471582, "recall": 0.7559153175591532,