{
  "32K_5_v2_s0": {
    "GIN": {
      "test_f1": 0.7628865979381443,
      "test_auc": 0.8239086050561459,
      "test_precision": 0.9221183800623053,
      "test_recall": 0.6505494505494506,
      "epoch": 4890,
      "lr": 0.01,
      "w": 0.4,
      "K": 3,
      "F": 16,
      "K1": null,
      "K2": null,
      "F1": null,
      "F2": null
    },
    "SAGE": {
      "test_f1": 0.8408262454434994,
      "test_auc": 0.8790175944274305,
      "test_precision": 0.9402173913043478,
      "test_recall": 0.7604395604395604,
      "epoch": 3920,
      "lr": 0.01,
      "w": 0.4,
      "K": 4,
      "F": 16,
      "K1": null,
      "K2": null,
      "F1": null,
      "F2": null
    },
    "XG": {
      "test_f1": 0.7601078167115903,
      "test_auc": 0.9201759442743048,
      "test_precision": 0.9825783972125436,
      "test_recall": 0.6197802197802198,
      "max_depth": null,
      "n_estimators": 100,
      "gamma": 0.2
    },
    "RF": {
      "test_f1": 0.7721179624664879,
      "test_auc": 0.9253150783642589,
      "test_precision": 0.9896907216494846,
      "test_recall": 0.6329670329670329,
      "bootstrap": false,
      "max_depth": 70,
      "n_estimators": 20,
      "max_features": "sqrt",
      "min_samples_leaf": 4,
      "min_samples_split": 10
    }
  },
  "64K_5_v2_s0": {
    "GIN": {
      "test_f1": 0.7818930041152263,
      "test_auc": 0.8352238252545001,
      "test_precision": 0.9326788218793829,
      "test_recall": 0.6730769230769231,
      "epoch": 4990,
      "lr": 0.01,
      "w": 0.4,
      "K": 3,
      "F": 16,
      "K1": null,
      "K2": null,
      "F1": null,
      "F2": null
    },
    "SAGE": {
      "test_f1": 0.840844266970907,
      "test_auc": 0.87220883733638,
      "test_precision": 0.9633986928104575,
      "test_recall": 0.7459514170040485,
      "epoch": 4590,
      "lr": 0.01,
      "w": 0.4,
      "K": 3,
      "F": 64,
      "K1": null,
      "K2": null,
      "F1": null,
      "F2": null
    },
    "XG": {
      "test_f1": 0.7900059488399762,
      "test_auc": 0.9159855270254447,
      "test_precision": 0.9581529581529582,
      "test_recall": 0.6720647773279352,
      "max_depth": null,
      "n_estimators": 100,
      "gamma": 0
    },
    "RF": {
      "test_f1": 0.75625,
      "test_auc": 0.9157746263665298,
      "test_precision": 0.988562091503268,
      "test_recall": 0.6123481781376519,
      "bootstrap": true,
      "max_depth": 10,
      "n_estimators": 20,
      "max_features": "sqrt",
      "min_samples_leaf": 1,
      "min_samples_split": 2
    },
    "GINSAGE": {
      "test_f1": 0.8391845979614949,
      "test_auc": 0.8739866345311131,
      "test_precision": 0.9524421593830334,
      "test_recall": 0.75,
      "epoch": 4940,
      "lr": 0.005,
      "w": 0.4,
      "K": null,
      "F": null,
      "K1": 3,
      "K2": 5,
      "F1": 8,
      "F2": 32
    }
  },
  "128K_5_v2": {
    "GIN": {
      "test_f1": 0.7884378843788437,
      "test_auc": 0.8359206226086138,
      "test_precision": 0.9503335804299481,
      "test_recall": 0.6736731476615869,
      "epoch": 3760,
      "lr": 0.05,
      "w": 0.4,
      "K": 2,
      "F": 8,
      "K1": null,
      "K2": null,
      "F1": null,
      "F2": null
    },
    "XG": {
      "test_f1": 0.8135898977751054,
      "test_auc": 0.9045926181203587,
      "test_precision": 0.9508081517919887,
      "test_recall": 0.7109826589595376,
      "max_depth": 90,
      "n_estimators": 100,
      "gamma": 0.2
    },
    "RF": {
      "test_f1": 0.8057598039215687,
      "test_auc": 0.9176558982011607,
      "test_precision": 0.9662013225569435,
      "test_recall": 0.6910141881240147,
      "bootstrap": true,
      "max_depth": 50,
      "n_estimators": 20,
      "max_features": "sqrt",
      "min_samples_leaf": 4,
      "min_samples_split": 2
    },
    "SAGE": {
      "test_f1": 0.8342245989304813,
      "test_auc": 0.8680846404704852,
      "test_precision": 0.9596719070403281,
      "test_recall": 0.7377824487651077,
      "epoch": 4880,
      "lr": 0.01,
      "w": 0.4,
      "K": 4,
      "F": 32,
      "K1": null,
      "K2": null,
      "F1": null,
      "F2": null
    },
    "GINSAGE": {
      "test_f1": 0.8411104548139398,
      "test_auc": 0.8733395012166755,
      "test_precision": 0.9602157788267026,
      "test_recall": 0.7482921702574882,
      "epoch": 4930,
      "lr": 0.005,
      "w": 0.4,
      "K": null,
      "F": null,
      "K1": 3,
      "K2": 5,
      "F1": 8,
      "F2": 64,
      "NOT_FROM_PROPER_GRIDSEARCH": null
    }
  },
  "256K_5_v2": {
    "GIN": {
      "test_f1": 0.7593582887700534,
      "test_auc": 0.8200644338355274,
      "test_precision": 0.927584919746174,
      "test_recall": 0.6427832384893947,
      "epoch": 4520,
      "lr": 0.05,
      "w": 0.4,
      "K": 2,
      "F": 32,
      "K1": null,
      "K2": null,
      "F1": null,
      "F2": null
    }
  },
  "32K_5": {
    "GIN": {
      "test_f1": 0.7655583972719522,
      "test_auc": 0.8209860266577902,
      "test_precision": 0.9412997903563941,
      "test_recall": 0.6451149425287356,
      "epoch": 3990,
      "lr": 0.01,
      "w": 0.4,
      "K": 2,
      "F": 8,
      "K1": null,
      "K2": null,
      "F1": null,
      "F2": null
    },
    "SAGE": {
      "test_f1": 0.8231404958677686,
      "test_auc": 0.8568606523430395,
      "test_precision": 0.9688715953307393,
      "test_recall": 0.7155172413793104,
      "epoch": 1570,
      "lr": 0.05,
      "w": 0.4,
      "K": 4,
      "F": 32,
      "K1": null,
      "K2": null,
      "F1": null,
      "F2": null
    },
    "XG": {
      "test_f1": 0.7852865697177074,
      "test_auc": 0.9069806072381925,
      "test_precision": 0.9704016913319239,
      "test_recall": 0.6594827586206896,
      "max_depth": null,
      "n_estimators": 100,
      "gamma": 0
    },
    "RF": {
      "test_f1": 0.7897435897435898,
      "test_auc": 0.9116612349903171,
      "test_precision": 0.9746835443037974,
      "test_recall": 0.6637931034482759,
      "bootstrap": false,
      "max_depth": 30,
      "n_estimators": 20,
      "max_features": "sqrt",
      "min_samples_leaf": 4,
      "min_samples_split": 10
    },
    "GINSAGE": {
      "test_f1": 0.8368336025848142,
      "test_auc": 0.8707794842616855,
      "test_precision": 0.955719557195572,
      "test_recall": 0.7442528735632183,
      "epoch": 3040,
      "lr": 0.005,
      "w": 0.4,
      "K": null,
      "F": null,
      "K1": 3,
      "K2": 5,
      "F1": 8,
      "F2": 64
    }
  },
  "16K_5_v2": {
    "GIN": {
      "test_f1": 0.601063829787234,
      "test_auc": 0.7303153802519718,
      "test_precision": 0.849624060150376,
      "test_recall": 0.46502057613168724,
      "epoch": 4940,
      "lr": 0.005,
      "w": 0.4,
      "K": 4,
      "F": 32,
      "K1": null,
      "K2": null,
      "F1": null,
      "F2": null
    },
    "SAGE": {
      "test_f1": 0.7506297229219144,
      "test_auc": 0.8060356351864497,
      "test_precision": 0.9675324675324676,
      "test_recall": 0.6131687242798354,
      "epoch": 1070,
      "lr": 0.005,
      "w": 0.4,
      "K": 6,
      "F": 32,
      "K1": null,
      "K2": null,
      "F1": null,
      "F2": null
    },
    "GINSAGE": {
      "test_f1": 0.7331670822942643,
      "test_auc": 0.8012619365048396,
      "test_precision": 0.930379746835443,
      "test_recall": 0.6049382716049383,
      "epoch": 2400,
      "lr": 0.005,
      "w": 0.4,
      "K": null,
      "F": null,
      "K1": 2,
      "K2": 5,
      "F1": 16,
      "F2": 16
    },
    "XG": {
      "test_f1": 0.5476190476190476,
      "test_auc": 0.852770009791276,
      "test_precision": 0.989247311827957,
      "test_recall": 0.3786008230452675,
      "max_depth": null,
      "n_estimators": 20,
      "gamma": 0.4
    },
    "RF": {
      "test_f1": 0.4764890282131662,
      "test_auc": 0.8535007424749889,
      "test_precision": 1.0,
      "test_recall": 0.31275720164609055,
      "bootstrap": true,
      "max_depth": 10,
      "n_estimators": 20,