{
  "32K_5_v2_s0": {
    "GIN": {
      "test_f1": 0.7756160830090791,
      "test_auc": 0.8276424668227946,
      "test_precision": 0.9462025316455697,
      "test_recall": 0.6571428571428571,
      "epoch": 4010,
      "lr": 0.005,
      "w": 0.4,
      "K": 2,
      "F": 8,
      "K1": null,
      "K2": null,
      "F1": null,
      "F2": null
    },
    "RF": {
      "test_f1": 0.7698519515477793,
      "test_auc": 0.9022540082867951,
      "test_precision": 0.9930555555555556,
      "test_recall": 0.6285714285714286,
      "bootstrap": true,
      "max_depth": null,
      "n_estimators": 20,
      "max_features": "sqrt",
      "min_samples_leaf": 1,
      "min_samples_split": 2
    },
    "XG": {
      "test_f1": 0.7718832891246684,
      "test_auc": 0.9032922596529154,
      "test_precision": 0.9732441471571907,
      "test_recall": 0.6395604395604395,
      "max_depth": 10,
      "n_estimators": 100,
      "gamma": 0.2
    },
    "MPNN": {
      "test_f1": 0.8131313131313131,
      "test_auc": 0.8530264817150064,
      "test_precision": 0.9554896142433235,
      "test_recall": 0.7076923076923077,
      "epoch": 3180,
      "lr": 0.01,
      "w": 0.4,
      "K": 6,
      "F": 8,
      "K1": null,
      "K2": null,
      "F1": null,
      "F2": null
    },
    "SAGE": {
      "test_f1": 0.85012285012285,
      "test_auc": 0.879509397706119,
      "test_precision": 0.9637883008356546,
      "test_recall": 0.7604395604395604,
      "epoch": 4770,
      "lr": 0.05,
      "w": 0.4,
      "K": 3,
      "F": 64,
      "K1": null,
      "K2": null,
      "F1": null,
      "F2": null
    }
  },
  "64K_5_v2_s0": {
    "GIN": {
      "test_f1": 0.7918367346938776,
      "test_auc": 0.8423088454974151,
      "test_precision": 0.9339752407152683,
      "test_recall": 0.687246963562753,
      "epoch": 4220,
      "lr": 0.05,
      "w": 0.4,
      "K": 2,
      "F": 32,
      "K1": null,
      "K2": null,
      "F1": null,
      "F2": null
    },
    "MPNN": {
      "test_f1": 0.8225806451612903,
      "test_auc": 0.8604048316875247,
      "test_precision": 0.9545454545454546,
      "test_recall": 0.7226720647773279,
      "epoch": 4970,
      "lr": 0.005,
      "w": 0.4,
      "K": 3,
      "F": 16,
      "K1": null,
      "K2": null,
      "F1": null,
      "F2": null
    },
    "SAGE": {
      "test_f1": 0.8388571428571429,
      "test_auc": 0.8706906187128983,
      "test_precision": 0.963254593175853,
      "test_recall": 0.742914979757085,
      "epoch": 4150,
      "lr": 0.05,
      "w": 0.4,
      "K": 4,
      "F": 32,
      "K1": null,
      "K2": null,
      "F1": null,
      "F2": null
    },
    "RF": {
      "test_f1": 0.7971781305114638,
      "test_auc": 0.9090585436721819,
      "test_precision": 0.9509116409537167,
      "test_recall": 0.6862348178137652,
      "bootstrap": false,
      "max_depth": 70,
      "n_estimators": 20,
      "max_features": "sqrt",
      "min_samples_leaf": 2,
      "min_samples_split": 2
    },
    "XG": {
      "test_f1": 0.8065650644783119,
      "test_auc": 0.9111577925021379,
      "test_precision": 0.958217270194986,
      "test_recall": 0.6963562753036437,
      "max_depth": 10,
      "n_estimators": 50,
      "gamma": 0.2
    }
  },
  "256K_5_v2": {
    "GIN": {
      "test_f1": 0.7522822218783846,
      "test_auc": 0.8132720236166111,
      "test_precision": 0.9360800924143242,
      "test_recall": 0.6288153129849974,
      "epoch": 4960,
      "lr": 0.05,
      "w": 0.4,
      "K": 2,
      "F": 32,
      "K1": null,
      "K2": null,
      "F1": null,
      "F2": null
    },
    "SAGE": {
      "test_f1": 0.815667513828674,
      "test_auc": 0.8521695412488123,
      "test_precision": 0.9663478568898335,
      "test_recall": 0.7056389032591827,
      "epoch": 4670,
      "lr": 0.01,
      "w": 0.4,
      "K": 5,
      "F": 32,
      "K1": null,
      "K2": null,
      "F1": null,
      "F2": null
    },
    "RF": {
      "test_f1": 0.6870580496628843,
      "test_auc": 0.8989006157265138,
      "test_precision": 0.9431151241534989,
      "test_recall": 0.5403517847904811,
      "bootstrap": true,
      "max_depth": null,
      "n_estimators": 20,
      "max_features": "sqrt",
      "min_samples_leaf": 2,
      "min_samples_split": 10
    },
    "XG": {
      "test_f1": 0.725357648168527,
      "test_auc": 0.869122996878243,
      "test_precision": 0.9246492985971944,
      "test_recall": 0.5967408173823073,
      "max_depth": 30,
      "n_estimators": 100,
      "gamma": 0
    }
  },
  "128K_5_v2": {
    "GIN": {
      "test_f1": 0.7522822218783846,
      "test_auc": 0.8132720236166111,
      "test_precision": 0.9360800924143242,
      "test_recall": 0.6288153129849974,
      "epoch": 4960,
      "lr": 0.05,
      "w": 0.4,
      "K": 2,
      "F": 32,
      "K1": null,
      "K2": null,
      "F1": null,
      "F2": null
    },
    "SAGE": {
      "test_f1": 0.8380554727110051,
      "test_auc": 0.868538776300489,
      "test_precision": 0.9689655172413794,
      "test_recall": 0.7383079348397268,
      "epoch": 4990,
      "lr": 0.01,
      "w": 0.4,
      "K": 5,
      "F": 64,
      "K1": null,
      "K2": null,
      "F1": null,
      "F2": null
    },
    "RF": {
      "test_f1": 0.8134351145038168,
      "test_auc": 0.9187411805364925,
      "test_precision": 0.9708454810495627,
      "test_recall": 0.6999474513925381,
      "bootstrap": true,
      "max_depth": 90,
      "n_estimators": 20,
      "max_features": "sqrt",
      "min_samples_leaf": 4,
      "min_samples_split": 5
    },
    "XG": {
      "test_f1": 0.8220084185207456,
      "test_auc": 0.9019795052097603,
      "test_precision": 0.960646521433591,
      "test_recall": 0.7183394640042039,
      "max_depth": 90,
      "n_estimators": 100,
      "gamma": 0
    },
    "MPNN": {
      "test_f1": 0.825434206652929,
      "test_auc": 0.8671080142416582,
      "test_precision": 0.9384203480589023,
      "test_recall": 0.7367314766158697,
      "epoch": 4610,
      "lr": 0.05,
      "w": 0.4,
      "K": 3,
      "F": 16,
      "K1": null,
      "K2": null,
      "F1": null,
      "F2": null
    }
  }
}