{
  "8K_5_v2": {
    "SAGE": {
      "mean_f1": 0.7802621853969737,
      "test_f1": [
        0.7846889952153111,
        0.8,
        0.7560975609756099
      ],
      "test_auc": [
        0.8454942763333037,
        0.8524585742850428,
        0.8347994898150579
      ],
      "test_precision": [
        0.9010989010989011,
        0.9195402298850575,
        0.8611111111111112
      ],
      "test_recall": [
        0.6949152542372882,
        0.7079646017699115,
        0.6739130434782609
      ],
      "epoch": [
        2360,
        940,
        2690
      ],
      "lr": 0.01,
      "w": 0.44,
      "K": 6,
      "F": 64,
      "K1": null,
      "K2": null,
      "F1": null,
      "F2": null
    },
    "GINSAGE": {
      "mean_f1": 0.8144984508370379,
      "test_f1": [
        0.7962085308056872,
        0.8333333333333334,
        0.813953488372093
      ],
      "test_auc": [
        0.8539688526044902,
        0.8748001433189116,
        0.8782777506846232
      ],
      "test_precision": [
        0.9032258064516129,
        0.9340659340659341,
        0.875
      ],
      "test_recall": [
        0.711864406779661,
        0.7522123893805309,
        0.7608695652173914
      ],
      "epoch": [
        1620,
        1030,
        1810
      ],
      "lr": 0.005,
      "w": 0.44,
      "K": null,
      "F": null,
      "K1": 2,
      "K2": 6,
      "F1": 8,
      "F2": 64
    },
    "XG": {
      "test_f1": 0.7165775401069517,
      "test_auc": 0.9127177803413494,
      "test_precision": 0.9710144927536232,
      "test_recall": 0.5677966101694916,
      "max_depth": null,
      "n_estimators": 50,
      "gamma": 0.2
    },
    "RF": {
      "test_f1": 0.6994535519125683,
      "test_auc": 0.9389253704854025,
      "test_precision": 0.9846153846153847,
      "test_recall": 0.5423728813559322,
      "bootstrap": true,
      "max_depth": 10,
      "n_estimators": 50,
      "max_features": "sqrt",
      "min_samples_leaf": 4,
      "min_samples_split": 5
    }
  },
  "32K_5_v2": {
    "SAGE": {
      "mean_f1": 0.8211131829655067,
      "test_f1": [
        0.8199233716475096,
        0.8264058679706601,
        0.8170103092783506
      ],
      "test_auc": [
        0.8523647390860507,
        0.8708260862658183,
        0.8495618275212646
      ],
      "test_precision": [
        0.9786585365853658,
        0.9285714285714286,
        0.9814241486068112
      ],
      "test_recall": [
        0.7054945054945055,
        0.7444933920704846,
        0.6997792494481236
      ],
      "epoch": [
        500,
        1050,
        1980
      ],
      "lr": 0.01,
      "w": 0.44,
      "K": 5,
      "F": 64,
      "K1": null,
      "K2": null,
      "F1": null,
      "F2": null
    },
    "GINSAGE": {
      "mean_f1": 0.826538767096943,
      "test_f1": [
        0.850546780072904,
        0.8295739348370926,
        0.7994955863808323
      ],
      "test_auc": [
        0.8836317780580075,
        0.8638271400492087,
        0.8486330687800059
      ],
      "test_precision": [
        0.9510869565217391,
        0.9622093023255814,
        0.9323529411764706
      ],
      "test_recall": [
        0.7692307692307693,
        0.7290748898678414,
        0.6997792494481236
      ],
      "epoch": [
        730,
        2450,
        3040
      ],
      "lr": 0.01,
      "w": 0.44,
      "K": null,
      "F": null,
      "K1": 2,
      "K2": 6,
      "F1": 8,
      "F2": 64
    },
    "XG": {
      "test_f1": 0.7601078167115903,
      "test_auc": 0.9201759442743048,
      "test_precision": 0.9825783972125436,
      "test_recall": 0.6197802197802198,
      "max_depth": null,
      "n_estimators": 100,
      "gamma": 0.2
    },
    "RF": {
      "test_f1": 0.7513661202185792,
      "test_auc": 0.917870533837747,
      "test_precision": 0.9927797833935018,
      "test_recall": 0.6043956043956044,
      "bootstrap": true,
      "max_depth": null,
      "n_estimators": 20,
      "max_features": "sqrt",
      "min_samples_leaf": 4,
      "min_samples_split": 10
    }
  },
  "64K_5_v2": {
    "SAGE": {
      "mean_f1": 0.8305521303394463,
      "test_f1": [
        0.8365155131264916,
        0.8305183459522423,
        0.8246225319396051
      ],
      "test_auc": [
        0.8704437088428102,
        0.8748912503996521,
        0.8701663615218671
      ],
      "test_precision": [
        0.9576502732240437,
        0.925974025974026,
        0.9256844850065189
      ],
      "test_recall": [
        0.7425847457627118,
        0.7529039070749736,
        0.743455497382199
      ],
      "epoch": [
        2440,
        4460,
        4340
      ],
      "lr": 0.005,
      "w": 0.44,
      "K": 4,
      "F": 64,
      "K1": null,
      "K2": null,
      "F1": null,
      "F2": null
    },
    "GINSAGE": {
      "mean_f1": 0.8400762845851425,
      "test_f1": [
        0.8385202583675866,
        0.8444444444444446,
        0.8372641509433962
      ],
      "test_auc": [
        0.8769460344328381,
        0.8800811904493839,
        0.8708785732130958
      ],
      "test_precision": [
        0.9407114624505929,
        0.9462647444298821,
        0.9581646423751687
      ],
      "test_recall": [
        0.7563559322033898,
        0.7624076029567054,
        0.743455497382199
      ],
      "epoch": [
        1470,
        3580,
        1910
      ],
      "lr": 0.005,
      "w": 0.44,
      "K": null,
      "F": null,
      "K1": 2,
      "K2": 6,
      "F1": 8,
      "F2": 64
    },
    "XG": {
      "test_f1": 0.8118081180811808,
      "test_auc": 0.9106349865345925,
      "test_precision": 0.967741935483871,
      "test_recall": 0.6991525423728814,
      "max_depth": null,
      "n_estimators": 100,
      "gamma": 0.4
    },
    "RF": {
      "test_f1": 0.8082448469706432,
      "test_auc": 0.920371161755644,
      "test_precision": 0.984779299847793,
      "test_recall": 0.6853813559322034,
      "bootstrap": true,
      "max_depth": null,
      "n_estimators": 50,
      "max_features": "sqrt",
      "min_samples_leaf": 4,
      "min_samples_split": 5
    }
  },
  "128K_5_v2_2": {
    "SAGE": {
      "mean_f1": 0.8371053138831037,
      "test_f1": [
        0.8362751065124772,
        0.8313180169286578,
        0.8437228182081763
      ],
      "test_auc": [
        0.8699429772059435,
        0.8714250935046827,
        0.8758840754593952
      ],
      "test_precision": [
        0.958827634333566,
        0.9398496240601504,
        0.958498023715415
      ],
      "test_recall": [
        0.7415002698327037,
        0.7452574525745257,
        0.753495598135681
      ],
      "epoch": [
        3430,
        3920,
        4950
      ],
      "lr": 0.01,
      "w": 0.44,
      "K": 4,
      "F": 64,
      "K1": null,
      "K2": null,
      "F1": null,
      "F2": null
    },
    "XG": {
      "test_f1": 0.7959570435881239,
      "test_auc": 0.9243786095698263,
      "test_precision": 0.9596344249809596,
      "test_recall": 0.6799784133837021,
      "max_depth": null,
      "n_estimators": 20,
      "gamma": 0
    },
    "RF": {
      "test_f1": 0.7880877742946708,
      "test_auc": 0.9167748615974107,
      "test_precision": 0.9401645474943904,
      "test_recall": 0.67835941716136,
      "bootstrap": true,
      "max_depth": 50,
      "n_estimators": 20,
      "max_features": "sqrt",
      "min_samples_leaf": 4,
      "min_samples_split": 10
    },
    "GIN": {
      "mean_f1": 0.7652805397534556,
      "test_f1": [
        0.7557573791761272,
        0.7642857142857141,
        0.7757985257985258
      ],
      "test_auc": [
        0.8134658582927353,
        0.8181768862770147,
        0.8261826118727011
      ],
      "test_precision": [
        0.9471544715447154,
        0.9530364372469635,
        0.9532075471698114
      ],
      "test_recall": [
        0.6287101996762008,
        0.637940379403794,
        0.6540652511651994
      ],
      "epoch": [
        4950,
        4720,
        4740
      ],
      "lr": 0.01,